name,country,result,event,male_offspring,female_offspring,source,comment,result_source
Stephen Kiprotich,Uganda,2:08:01,olympic_marathon_2012,NA,NA,NA,NA,https://en.wikipedia.org/wiki/Athletics_at_the_2012_Summer_Olympics_%E2%80%93_Men%27s_marathon
Abel Kirui,Kenya,2:08:27,olympic_marathon_2012,NA,NA,NA,NA,https://en.wikipedia.org/wiki/Athletics_at_the_2012_Summer_Olympics_%E2%80%93_Men%27s_marathon
Wilson Kipsang Kiprotich,Kenya,2:09:37,olympic_marathon_2012,NA,NA,NA,NA,https://en.wikipedia.org/wiki/Athletics_at_the_2012_Summer_Olympics_%E2%80%93_Men%27s_marathon
Mebrahtom Keflezighi,United States,2:11:06,olympic_marathon_2012,NA,NA,NA,NA,https://en.wikipedia.org/wiki/Athletics_at_the_2012_Summer_Olympics_%E2%80%93_Men%27s_marathon
Marilson Dos Santos,Brazil,2:11:10,olympic_marathon_2012,NA,NA,NA,NA,https://en.wikipedia.org/wiki/Athletics_at_the_2012_Summer_Olympics_%E2%80%93_Men%27s_marathon
Kentaro Nakamoto,Japan,2:11:16,olympic_marathon_2012,NA,NA,NA,NA,https://en.wikipedia.org/wiki/Athletics_at_the_2012_Summer_Olympics_%E2%80%93_Men%27s_marathon
Cuthbert Nyasango,Zimbabwe,2:12:08,olympic_marathon_2012,NA,NA,NA,NA,https://en.wikipedia.org/wiki/Athletics_at_the_2012_Summer_Olympics_%E2%80%93_Men%27s_marathon
Paulo Roberto Paula,Brazil,2:12:17,olympic_marathon_2012,NA,NA,NA,NA,https://en.wikipedia.org/wiki/Athletics_at_the_2012_Summer_Olympics_%E2%80%93_Men%27s_marathon
Henryk Szost,Poland,2:12:28,olympic_marathon_2012,NA,NA,NA,NA,https://en.wikipedia.org/wiki/Athletics_at_the_2012_Summer_Olympics_%E2%80%93_Men%27s_marathon
Ruggero Pertile,Italy,2:12:45,olympic_marathon_2012,NA,NA,NA,NA,https://en.wikipedia.org/wiki/Athletics_at_the_2012_Summer_Olympics_%E2%80%93_Men%27s_marathon
Viktor Röthlin,Switzerland,2:12:48,olympic_marathon_2012,NA,NA,NA,NA,https://en.wikipedia.org/wiki/Athletics_at_the_2012_Summer_Olympics_%E2%80%93_Men%27s_marathon
Oleksandr Sitkovskyy,Ukraine,2:12:56,olympic_marathon_2012,NA,NA,NA,NA,https://en.wikipedia.org/wiki/Athletics_at_the_2012_Summer_Olympics_%E2%80%93_Men%27s_marathon
Franck De Almeida,Brazil,2:13:35,olympic_marathon_2012,NA,NA,NA,NA,https://en.wikipedia.org/wiki/Athletics_at_the_2012_Summer_Olympics_%E2%80%93_Men%27s_marathon
Aleksey Reunkov,Russia,2:13:49,olympic_marathon_2012,NA,NA,NA,NA,https://en.wikipedia.org/wiki/Athletics_at_the_2012_Summer_Olympics_%E2%80%93_Men%27s_marathon
Wirimai Juwawo,Zimbabwe,2:14:09,olympic_marathon_2012,NA,NA,NA,NA,https://en.wikipedia.org/wiki/Athletics_at_the_2012_Summer_Olympics_%E2%80%93_Men%27s_marathon
Michael Shelley,Australia,2:14:10,olympic_marathon_2012,NA,NA,NA,NA,https://en.wikipedia.org/wiki/Athletics_at_the_2012_Summer_Olympics_%E2%80%93_Men%27s_marathon
Emmanuel Kipchirchir Mutai,Kenya,2:14:49,olympic_marathon_2012,NA,NA,NA,NA,https://en.wikipedia.org/wiki/Athletics_at_the_2012_Summer_Olympics_%E2%80%93_Men%27s_marathon
Rachid Kisri,Morocco,2:15:09,olympic_marathon_2012,NA,NA,NA,NA,https://en.wikipedia.org/wiki/Athletics_at_the_2012_Summer_Olympics_%E2%80%93_Men%27s_marathon
Yared Asmerom,Eritrea,2:15:24,olympic_marathon_2012,NA,NA,NA,NA,https://en.wikipedia.org/wiki/Athletics_at_the_2012_Summer_Olympics_%E2%80%93_Men%27s_marathon
Dylan Wykes,Canada,2:15:26,olympic_marathon_2012,NA,NA,NA,NA,https://en.wikipedia.org/wiki/Athletics_at_the_2012_Summer_Olympics_%E2%80%93_Men%27s_marathon
Raúl Pacheco,Peru,2:15:35,olympic_marathon_2012,NA,NA,NA,NA,https://en.wikipedia.org/wiki/Athletics_at_the_2012_Summer_Olympics_%E2%80%93_Men%27s_marathon
Eric Gillis,Canada,2:16:00,olympic_marathon_2012,NA,NA,NA,NA,https://en.wikipedia.org/wiki/Athletics_at_the_2012_Summer_Olympics_%E2%80%93_Men%27s_marathon
Dmitriy Safronov,Russia,2:16:04,olympic_marathon_2012,NA,NA,NA,NA,https://en.wikipedia.org/wiki/Athletics_at_the_2012_Summer_Olympics_%E2%80%93_Men%27s_marathon
Carles Castillejo,Spain,2:16:17,olympic_marathon_2012,NA,NA,NA,NA,https://en.wikipedia.org/wiki/Athletics_at_the_2012_Summer_Olympics_%E2%80%93_Men%27s_marathon
Iaroslav Musinschi,Moldova,2:16:25,olympic_marathon_2012,NA,NA,NA,NA,https://en.wikipedia.org/wiki/Athletics_at_the_2012_Summer_Olympics_%E2%80%93_Men%27s_marathon
Marius Ionescu,Romania,2:16:28,olympic_marathon_2012,NA,NA,NA,NA,https://en.wikipedia.org/wiki/Athletics_at_the_2012_Summer_Olympics_%E2%80%93_Men%27s_marathon
Reid Coolsaet,Canada,2:16:29,olympic_marathon_2012,NA,NA,NA,NA,https://en.wikipedia.org/wiki/Athletics_at_the_2012_Summer_Olympics_%E2%80%93_Men%27s_marathon
Martin Dent,Australia,2:16:29,olympic_marathon_2012,NA,NA,NA,NA,https://en.wikipedia.org/wiki/Athletics_at_the_2012_Summer_Olympics_%E2%80%93_Men%27s_marathon
Vitaliy Shafar,Ukraine,2:16:36,olympic_marathon_2012,NA,NA,NA,NA,https://en.wikipedia.org/wiki/Athletics_at_the_2012_Summer_Olympics_%E2%80%93_Men%27s_marathon
Lee Merrien,Great Britain,2:17:00,olympic_marathon_2012,NA,NA,NA,NA,https://en.wikipedia.org/wiki/Athletics_at_the_2012_Summer_Olympics_%E2%80%93_Men%27s_marathon
Ignacio Cáceres,Spain,2:17:11,olympic_marathon_2012,NA,NA,NA,NA,https://en.wikipedia.org/wiki/Athletics_at_the_2012_Summer_Olympics_%E2%80%93_Men%27s_marathon
Lee Duhaeng,South Korea,2:17:19,olympic_marathon_2012,NA,NA,NA,NA,https://en.wikipedia.org/wiki/Athletics_at_the_2012_Summer_Olympics_%E2%80%93_Men%27s_marathon
Faustine Mussa,Tanzania,2:17:39,olympic_marathon_2012,NA,NA,NA,NA,https://en.wikipedia.org/wiki/Athletics_at_the_2012_Summer_Olympics_%E2%80%93_Men%27s_marathon
José Carlos Hernández,Spain,2:17:48,olympic_marathon_2012,NA,NA,NA,NA,https://en.wikipedia.org/wiki/Athletics_at_the_2012_Summer_Olympics_%E2%80%93_Men%27s_marathon
Miguel Barzola,Argentina,2:17:54,olympic_marathon_2012,NA,NA,NA,NA,https://en.wikipedia.org/wiki/Athletics_at_the_2012_Summer_Olympics_%E2%80%93_Men%27s_marathon
Urige Buta,Norway,2:17:58,olympic_marathon_2012,NA,NA,NA,NA,https://en.wikipedia.org/wiki/Athletics_at_the_2012_Summer_Olympics_%E2%80%93_Men%27s_marathon
Grigoriy Andreev,Russia,2:18:20,olympic_marathon_2012,NA,NA,NA,NA,https://en.wikipedia.org/wiki/Athletics_at_the_2012_Summer_Olympics_%E2%80%93_Men%27s_marathon
José Amado García,Guatemala,2:18:23,olympic_marathon_2012,NA,NA,NA,NA,https://en.wikipedia.org/wiki/Athletics_at_the_2012_Summer_Olympics_%E2%80%93_Men%27s_marathon
Daniel Vargas,Mexico,2:18:26,olympic_marathon_2012,NA,NA,NA,NA,https://en.wikipedia.org/wiki/Athletics_at_the_2012_Summer_Olympics_%E2%80%93_Men%27s_marathon
Ryo Yamamoto,Japan,2:18:34,olympic_marathon_2012,NA,NA,NA,NA,https://en.wikipedia.org/wiki/Athletics_at_the_2012_Summer_Olympics_%E2%80%93_Men%27s_marathon
Jesper Faurschou,Denmark,2:18:44,olympic_marathon_2012,NA,NA,NA,NA,https://en.wikipedia.org/wiki/Athletics_at_the_2012_Summer_Olympics_%E2%80%93_Men%27s_marathon
Kári Steinn Karlsson,Iceland,2:18:47,olympic_marathon_2012,NA,NA,NA,NA,https://en.wikipedia.org/wiki/Athletics_at_the_2012_Summer_Olympics_%E2%80%93_Men%27s_marathon
Lusapho April,South Africa,2:19:00,olympic_marathon_2012,NA,NA,NA,NA,https://en.wikipedia.org/wiki/Athletics_at_the_2012_Summer_Olympics_%E2%80%93_Men%27s_marathon
Mike Tebulo,Malawi,2:19:11,olympic_marathon_2012,NA,NA,NA,NA,https://en.wikipedia.org/wiki/Athletics_at_the_2012_Summer_Olympics_%E2%80%93_Men%27s_marathon
Arata Fujiwara,Japan,2:19:11,olympic_marathon_2012,NA,NA,NA,NA,https://en.wikipedia.org/wiki/Athletics_at_the_2012_Summer_Olympics_%E2%80%93_Men%27s_marathon
Primoz Kobe,Slovenia,2:19:28,olympic_marathon_2012,NA,NA,NA,NA,https://en.wikipedia.org/wiki/Athletics_at_the_2012_Summer_Olympics_%E2%80%93_Men%27s_marathon
Guor Marial,Independent Olympic Athletes,2:19:32,olympic_marathon_2012,NA,NA,NA,NA,https://en.wikipedia.org/wiki/Athletics_at_the_2012_Summer_Olympics_%E2%80%93_Men%27s_marathon
Luis Feiteira,Portugal,2:19:40,olympic_marathon_2012,NA,NA,NA,NA,https://en.wikipedia.org/wiki/Athletics_at_the_2012_Summer_Olympics_%E2%80%93_Men%27s_marathon
Stephen Mokoka,South Africa,2:19:52,olympic_marathon_2012,NA,NA,NA,NA,https://en.wikipedia.org/wiki/Athletics_at_the_2012_Summer_Olympics_%E2%80%93_Men%27s_marathon
Miguel Ángel Almachi,Ecuador,2:19:53,olympic_marathon_2012,NA,NA,NA,NA,https://en.wikipedia.org/wiki/Athletics_at_the_2012_Summer_Olympics_%E2%80%93_Men%27s_marathon
Ser-Od Bat-Ochir,Mongolia,2:20:10,olympic_marathon_2012,NA,NA,NA,NA,https://en.wikipedia.org/wiki/Athletics_at_the_2012_Summer_Olympics_%E2%80%93_Men%27s_marathon
Pak Song-Chol,North Korea,2:20:20,olympic_marathon_2012,NA,NA,NA,NA,https://en.wikipedia.org/wiki/Athletics_at_the_2012_Summer_Olympics_%E2%80%93_Men%27s_marathon
Kim Kwang-Hyok,North Korea,2:20:20,olympic_marathon_2012,NA,NA,NA,NA,https://en.wikipedia.org/wiki/Athletics_at_the_2012_Summer_Olympics_%E2%80%93_Men%27s_marathon
Dong Guojian,China,2:20:39,olympic_marathon_2012,NA,NA,NA,NA,https://en.wikipedia.org/wiki/Athletics_at_the_2012_Summer_Olympics_%E2%80%93_Men%27s_marathon
Anuradha Cooray,Sri Lanka,2:20:41,olympic_marathon_2012,NA,NA,NA,NA,https://en.wikipedia.org/wiki/Athletics_at_the_2012_Summer_Olympics_%E2%80%93_Men%27s_marathon
Methkal Abu Drais,Jordan,2:21:00,olympic_marathon_2012,NA,NA,NA,NA,https://en.wikipedia.org/wiki/Athletics_at_the_2012_Summer_Olympics_%E2%80%93_Men%27s_marathon
Mark Kenneally,Ireland,2:21:13,olympic_marathon_2012,NA,NA,NA,NA,https://en.wikipedia.org/wiki/Athletics_at_the_2012_Summer_Olympics_%E2%80%93_Men%27s_marathon
Yonas Kifle,Eritrea,2:21:25,olympic_marathon_2012,NA,NA,NA,NA,https://en.wikipedia.org/wiki/Athletics_at_the_2012_Summer_Olympics_%E2%80%93_Men%27s_marathon
Ivan Babaryka,Ukraine,2:21:52,olympic_marathon_2012,NA,NA,NA,NA,https://en.wikipedia.org/wiki/Athletics_at_the_2012_Summer_Olympics_%E2%80%93_Men%27s_marathon
Carlos Cordero,Mexico,2:22:08,olympic_marathon_2012,NA,NA,NA,NA,https://en.wikipedia.org/wiki/Athletics_at_the_2012_Summer_Olympics_%E2%80%93_Men%27s_marathon
Scott Overall,Great Britain,2:22:37,olympic_marathon_2012,NA,NA,NA,NA,https://en.wikipedia.org/wiki/Athletics_at_the_2012_Summer_Olympics_%E2%80%93_Men%27s_marathon
Pedro Mora,Venezuela,2:22:40,olympic_marathon_2012,NA,NA,NA,NA,https://en.wikipedia.org/wiki/Athletics_at_the_2012_Summer_Olympics_%E2%80%93_Men%27s_marathon
Jeff Hunt,Australia,2:22:59,olympic_marathon_2012,NA,NA,NA,NA,https://en.wikipedia.org/wiki/Athletics_at_the_2012_Summer_Olympics_%E2%80%93_Men%27s_marathon
Stsiapan Rahautsou,Belarus,2:23:23,olympic_marathon_2012,NA,NA,NA,NA,https://en.wikipedia.org/wiki/Athletics_at_the_2012_Summer_Olympics_%E2%80%93_Men%27s_marathon
César Lizano,Costa Rica,2:24:16,olympic_marathon_2012,NA,NA,NA,NA,https://en.wikipedia.org/wiki/Athletics_at_the_2012_Summer_Olympics_%E2%80%93_Men%27s_marathon
Samson Ramadhani,Tanzania,2:24:53,olympic_marathon_2012,NA,NA,NA,NA,https://en.wikipedia.org/wiki/Athletics_at_the_2012_Summer_Olympics_%E2%80%93_Men%27s_marathon
Jan Kreisinger,Czech Republic,2:25:03,olympic_marathon_2012,NA,NA,NA,NA,https://en.wikipedia.org/wiki/Athletics_at_the_2012_Summer_Olympics_%E2%80%93_Men%27s_marathon
Mohammed Abduh Bakhet,Qatar,2:25:17,olympic_marathon_2012,NA,NA,NA,NA,https://en.wikipedia.org/wiki/Athletics_at_the_2012_Summer_Olympics_%E2%80%93_Men%27s_marathon
Jussi Utriainen,Finland,2:26:25,olympic_marathon_2012,NA,NA,NA,NA,https://en.wikipedia.org/wiki/Athletics_at_the_2012_Summer_Olympics_%E2%80%93_Men%27s_marathon
Arturo Malaquias,Mexico,2:26:37,olympic_marathon_2012,NA,NA,NA,NA,https://en.wikipedia.org/wiki/Athletics_at_the_2012_Summer_Olympics_%E2%80%93_Men%27s_marathon
Wissem Hosni,Tunisia,2:26:43,olympic_marathon_2012,NA,NA,NA,NA,https://en.wikipedia.org/wiki/Athletics_at_the_2012_Summer_Olympics_%E2%80%93_Men%27s_marathon
Tamás Kovács,Hungary,2:27:48,olympic_marathon_2012,NA,NA,NA,NA,https://en.wikipedia.org/wiki/Athletics_at_the_2012_Summer_Olympics_%E2%80%93_Men%27s_marathon
Jang Sinkweon,South Korea,2:28:20,olympic_marathon_2012,NA,NA,NA,NA,https://en.wikipedia.org/wiki/Athletics_at_the_2012_Summer_Olympics_%E2%80%93_Men%27s_marathon
Toni Bernadó,Andorra,2:28:34,olympic_marathon_2012,NA,NA,NA,NA,https://en.wikipedia.org/wiki/Athletics_at_the_2012_Summer_Olympics_%E2%80%93_Men%27s_marathon
Marcel Tschopp,Liechtenstein,2:28:54,olympic_marathon_2012,NA,NA,NA,NA,https://en.wikipedia.org/wiki/Athletics_at_the_2012_Summer_Olympics_%E2%80%93_Men%27s_marathon
Bekir Karayel,Turkey,2:29:38,olympic_marathon_2012,NA,NA,NA,NA,https://en.wikipedia.org/wiki/Athletics_at_the_2012_Summer_Olympics_%E2%80%93_Men%27s_marathon
Chang Chia-Che,Chinese Taipei,2:29:58,olympic_marathon_2012,NA,NA,NA,NA,https://en.wikipedia.org/wiki/Athletics_at_the_2012_Summer_Olympics_%E2%80%93_Men%27s_marathon
Ram Singh Yadav,India,2:30:06,olympic_marathon_2012,NA,NA,NA,NA,https://en.wikipedia.org/wiki/Athletics_at_the_2012_Summer_Olympics_%E2%80%93_Men%27s_marathon
Jean Pierre Mvuyekure,Rwanda,2:30:19,olympic_marathon_2012,NA,NA,NA,NA,https://en.wikipedia.org/wiki/Athletics_at_the_2012_Summer_Olympics_%E2%80%93_Men%27s_marathon
Konstandinos Poulios,Greece,2:33:17,olympic_marathon_2012,NA,NA,NA,NA,https://en.wikipedia.org/wiki/Athletics_at_the_2012_Summer_Olympics_%E2%80%93_Men%27s_marathon
Zohar Zimro,Israel,2:34:59,olympic_marathon_2012,NA,NA,NA,NA,https://en.wikipedia.org/wiki/Athletics_at_the_2012_Summer_Olympics_%E2%80%93_Men%27s_marathon
Jeong Jinhyeok,South Korea,2:38:45,olympic_marathon_2012,NA,NA,NA,NA,https://en.wikipedia.org/wiki/Athletics_at_the_2012_Summer_Olympics_%E2%80%93_Men%27s_marathon
Juan Carlos Cardona,Colombia,2:40:13,olympic_marathon_2012,NA,NA,NA,NA,https://en.wikipedia.org/wiki/Athletics_at_the_2012_Summer_Olympics_%E2%80%93_Men%27s_marathon
Augusto Soares,Timor-Leste,2:45:09,olympic_marathon_2012,NA,NA,NA,NA,https://en.wikipedia.org/wiki/Athletics_at_the_2012_Summer_Olympics_%E2%80%93_Men%27s_marathon
Tsepo Ramonene,Lesotho,2:55:54,olympic_marathon_2012,NA,NA,NA,NA,https://en.wikipedia.org/wiki/Athletics_at_the_2012_Summer_Olympics_%E2%80%93_Men%27s_marathon
Li Zicheng,China,DNF,olympic_marathon_2012,NA,NA,NA,NA,https://en.wikipedia.org/wiki/Athletics_at_the_2012_Summer_Olympics_%E2%80%93_Men%27s_marathon
Ilunga Mande Zatara,DR Congo,DNF,olympic_marathon_2012,NA,NA,NA,NA,https://en.wikipedia.org/wiki/Athletics_at_the_2012_Summer_Olympics_%E2%80%93_Men%27s_marathon
Darko Zivanovic,Serbia,DNF,olympic_marathon_2012,NA,NA,NA,NA,https://en.wikipedia.org/wiki/Athletics_at_the_2012_Summer_Olympics_%E2%80%93_Men%27s_marathon
Gunther Weidlinger,Austria,DNF,olympic_marathon_2012,NA,NA,NA,NA,https://en.wikipedia.org/wiki/Athletics_at_the_2012_Summer_Olympics_%E2%80%93_Men%27s_marathon
Abraham Kiprotich,France,DNF,olympic_marathon_2012,NA,NA,NA,NA,https://en.wikipedia.org/wiki/Athletics_at_the_2012_Summer_Olympics_%E2%80%93_Men%27s_marathon
Patrick Tambwe,France,DNF,olympic_marathon_2012,NA,NA,NA,NA,https://en.wikipedia.org/wiki/Athletics_at_the_2012_Summer_Olympics_%E2%80%93_Men%27s_marathon
Valerijs Zolnerovics,Latvia,DNF,olympic_marathon_2012,NA,NA,NA,NA,https://en.wikipedia.org/wiki/Athletics_at_the_2012_Summer_Olympics_%E2%80%93_Men%27s_marathon
Ali Mabrouk El Zaidi,Libya,DNF,olympic_marathon_2012,NA,NA,NA,NA,https://en.wikipedia.org/wiki/Athletics_at_the_2012_Summer_Olympics_%E2%80%93_Men%27s_marathon
Ryan Hall,United States,DNF,olympic_marathon_2012,NA,NA,NA,NA,https://en.wikipedia.org/wiki/Athletics_at_the_2012_Summer_Olympics_%E2%80%93_Men%27s_marathon
Abdihakem Abdirahman,United States,DNF,olympic_marathon_2012,NA,NA,NA,NA,https://en.wikipedia.org/wiki/Athletics_at_the_2012_Summer_Olympics_%E2%80%93_Men%27s_marathon
Getu Feleke,Ethiopia,DNF,olympic_marathon_2012,NA,NA,NA,NA,https://en.wikipedia.org/wiki/Athletics_at_the_2012_Summer_Olympics_%E2%80%93_Men%27s_marathon
Dino Sefir,Ethiopia,DNF,olympic_marathon_2012,NA,NA,NA,NA,https://en.wikipedia.org/wiki/Athletics_at_the_2012_Summer_Olympics_%E2%80%93_Men%27s_marathon
Samuel Tsegay,Eritrea,DNF,olympic_marathon_2012,NA,NA,NA,NA,https://en.wikipedia.org/wiki/Athletics_at_the_2012_Summer_Olympics_%E2%80%93_Men%27s_marathon
Ayele Abshero,Ethiopia,DNF,olympic_marathon_2012,NA,NA,NA,NA,https://en.wikipedia.org/wiki/Athletics_at_the_2012_Summer_Olympics_%E2%80%93_Men%27s_marathon
Tayeb Filali,Algeria,DNF,olympic_marathon_2012,NA,NA,NA,NA,https://en.wikipedia.org/wiki/Athletics_at_the_2012_Summer_Olympics_%E2%80%93_Men%27s_marathon
Rui Pedro Silva,Portugal,DNF,olympic_marathon_2012,NA,NA,NA,NA,https://en.wikipedia.org/wiki/Athletics_at_the_2012_Summer_Olympics_%E2%80%93_Men%27s_marathon
Coolboy Ngamole,South Africa,DNF,olympic_marathon_2012,NA,NA,NA,NA,https://en.wikipedia.org/wiki/Athletics_at_the_2012_Summer_Olympics_%E2%80%93_Men%27s_marathon
Abderrahime Bouramdane,Morocco,DNF,olympic_marathon_2012,NA,NA,NA,NA,https://en.wikipedia.org/wiki/Athletics_at_the_2012_Summer_Olympics_%E2%80%93_Men%27s_marathon
Roman Prodius,Moldova,DNF,olympic_marathon_2012,NA,NA,NA,NA,https://en.wikipedia.org/wiki/Athletics_at_the_2012_Summer_Olympics_%E2%80%93_Men%27s_marathon
Abdellatif Meftah,France,DNF,olympic_marathon_2012,NA,NA,NA,NA,https://en.wikipedia.org/wiki/Athletics_at_the_2012_Summer_Olympics_%E2%80%93_Men%27s_marathon
Samuel Kamau Wanjiru, Kenya,2:06:32,olympic_marathon_2008,NA,NA,NA,NA,https://en.wikipedia.org/wiki/Athletics_at_the_2008_Summer_Olympics_%E2%80%93_Men%27s_marathon
Jaouad Gharib, Morocco,2:07:16,olympic_marathon_2008,NA,NA,NA,NA,https://en.wikipedia.org/wiki/Athletics_at_the_2008_Summer_Olympics_%E2%80%93_Men%27s_marathon
Tsegay Kebede, Ethiopia,2:10:00,olympic_marathon_2008,NA,NA,NA,NA,https://en.wikipedia.org/wiki/Athletics_at_the_2008_Summer_Olympics_%E2%80%93_Men%27s_marathon
Deriba Merga, Ethiopia,2:10:21,olympic_marathon_2008,NA,NA,NA,NA,https://en.wikipedia.org/wiki/Athletics_at_the_2008_Summer_Olympics_%E2%80%93_Men%27s_marathon
Martin Lel, Kenya,2:10:24,olympic_marathon_2008,NA,NA,NA,NA,https://en.wikipedia.org/wiki/Athletics_at_the_2008_Summer_Olympics_%E2%80%93_Men%27s_marathon
Viktor Röthlin, Switzerland,2:10:35,olympic_marathon_2008,NA,NA,NA,NA,https://en.wikipedia.org/wiki/Athletics_at_the_2008_Summer_Olympics_%E2%80%93_Men%27s_marathon
Gashaw Asfaw, Ethiopia,2:10:52,olympic_marathon_2008,NA,NA,NA,NA,https://en.wikipedia.org/wiki/Athletics_at_the_2008_Summer_Olympics_%E2%80%93_Men%27s_marathon
Yared Asmerom, Eritrea,2:11:11,olympic_marathon_2008,NA,NA,NA,NA,https://en.wikipedia.org/wiki/Athletics_at_the_2008_Summer_Olympics_%E2%80%93_Men%27s_marathon
Dathan Ritzenhein, United States,2:11:59,olympic_marathon_2008,NA,NA,NA,NA,https://en.wikipedia.org/wiki/Athletics_at_the_2008_Summer_Olympics_%E2%80%93_Men%27s_marathon
Ryan Hall, United States,2:12:33,olympic_marathon_2008,NA,NA,NA,NA,https://en.wikipedia.org/wiki/Athletics_at_the_2008_Summer_Olympics_%E2%80%93_Men%27s_marathon
Mike Fokoroni, Zimbabwe,2:13:17,olympic_marathon_2008,NA,NA,NA,NA,https://en.wikipedia.org/wiki/Athletics_at_the_2008_Summer_Olympics_%E2%80%93_Men%27s_marathon
Stefano Baldini, Italy,2:13:25,olympic_marathon_2008,NA,NA,NA,NA,https://en.wikipedia.org/wiki/Athletics_at_the_2008_Summer_Olympics_%E2%80%93_Men%27s_marathon
Tsuyoshi Ogata, Japan,2:13:26,olympic_marathon_2008,NA,NA,NA,NA,https://en.wikipedia.org/wiki/Athletics_at_the_2008_Summer_Olympics_%E2%80%93_Men%27s_marathon
Grigoriy Andreyev, Russia,2:13:33,olympic_marathon_2008,NA,NA,NA,NA,https://en.wikipedia.org/wiki/Athletics_at_the_2008_Summer_Olympics_%E2%80%93_Men%27s_marathon
Ruggero Pertile, Italy,2:13:39,olympic_marathon_2008,NA,NA,NA,NA,https://en.wikipedia.org/wiki/Athletics_at_the_2008_Summer_Olympics_%E2%80%93_Men%27s_marathon
José Manuel Martínez, Spain,2:14:00,olympic_marathon_2008,NA,NA,NA,NA,https://en.wikipedia.org/wiki/Athletics_at_the_2008_Summer_Olympics_%E2%80%93_Men%27s_marathon
Francis Kirwa, Finland,2:14:22,olympic_marathon_2008,NA,NA,NA,NA,https://en.wikipedia.org/wiki/Athletics_at_the_2008_Summer_Olympics_%E2%80%93_Men%27s_marathon
Lee Myong-Seung, South Korea,2:14:37,olympic_marathon_2008,NA,NA,NA,NA,https://en.wikipedia.org/wiki/Athletics_at_the_2008_Summer_Olympics_%E2%80%93_Men%27s_marathon
Janne Holmén, Finland,2:14:44,olympic_marathon_2008,NA,NA,NA,NA,https://en.wikipedia.org/wiki/Athletics_at_the_2008_Summer_Olympics_%E2%80%93_Men%27s_marathon
Abderrahim Goumri, Morocco,2:15:00,olympic_marathon_2008,NA,NA,NA,NA,https://en.wikipedia.org/wiki/Athletics_at_the_2008_Summer_Olympics_%E2%80%93_Men%27s_marathon
Aleksey Sokolov, Russia,2:15:57,olympic_marathon_2008,NA,NA,NA,NA,https://en.wikipedia.org/wiki/Athletics_at_the_2008_Summer_Olympics_%E2%80%93_Men%27s_marathon
Brian Sell, United States,2:16:07,olympic_marathon_2008,NA,NA,NA,NA,https://en.wikipedia.org/wiki/Athletics_at_the_2008_Summer_Olympics_%E2%80%93_Men%27s_marathon
Ottaviano Andriani, Italy,2:16:10,olympic_marathon_2008,NA,NA,NA,NA,https://en.wikipedia.org/wiki/Athletics_at_the_2008_Summer_Olympics_%E2%80%93_Men%27s_marathon
Dan Robinson, Great Britain,2:16:14,olympic_marathon_2008,NA,NA,NA,NA,https://en.wikipedia.org/wiki/Athletics_at_the_2008_Summer_Olympics_%E2%80%93_Men%27s_marathon
Deng Haiyang, China,2:16:17,olympic_marathon_2008,NA,NA,NA,NA,https://en.wikipedia.org/wiki/Athletics_at_the_2008_Summer_Olympics_%E2%80%93_Men%27s_marathon
Abderrahime Bouramdane, Morocco,2:17:42,olympic_marathon_2008,NA,NA,NA,NA,https://en.wikipedia.org/wiki/Athletics_at_the_2008_Summer_Olympics_%E2%80%93_Men%27s_marathon
Vasyl Matviychuk, Ukraine,2:17:50,olympic_marathon_2008,NA,NA,NA,NA,https://en.wikipedia.org/wiki/Athletics_at_the_2008_Summer_Olympics_%E2%80%93_Men%27s_marathon
Lee Bong-Ju, South Korea,2:17:56,olympic_marathon_2008,NA,NA,NA,NA,https://en.wikipedia.org/wiki/Athletics_at_the_2008_Summer_Olympics_%E2%80%93_Men%27s_marathon
Oleg Kulkov, Russia,2:18:11,olympic_marathon_2008,NA,NA,NA,NA,https://en.wikipedia.org/wiki/Athletics_at_the_2008_Summer_Olympics_%E2%80%93_Men%27s_marathon
Paulo Gomes, Portugal,2:18:15,olympic_marathon_2008,NA,NA,NA,NA,https://en.wikipedia.org/wiki/Athletics_at_the_2008_Summer_Olympics_%E2%80%93_Men%27s_marathon
Alex Malinga, Uganda,2:18:26,olympic_marathon_2008,NA,NA,NA,NA,https://en.wikipedia.org/wiki/Athletics_at_the_2008_Summer_Olympics_%E2%80%93_Men%27s_marathon
Carlos Cordero, Mexico,2:18:40,olympic_marathon_2008,NA,NA,NA,NA,https://en.wikipedia.org/wiki/Athletics_at_the_2008_Summer_Olympics_%E2%80%93_Men%27s_marathon
Ri Kum-Song, North Korea,2:19:08,olympic_marathon_2008,NA,NA,NA,NA,https://en.wikipedia.org/wiki/Athletics_at_the_2008_Summer_Olympics_%E2%80%93_Men%27s_marathon
Henryk Szost, Poland,2:19:43,olympic_marathon_2008,NA,NA,NA,NA,https://en.wikipedia.org/wiki/Athletics_at_the_2008_Summer_Olympics_%E2%80%93_Men%27s_marathon
José Amado García, Guatemala,2:20:15,olympic_marathon_2008,NA,NA,NA,NA,https://en.wikipedia.org/wiki/Athletics_at_the_2008_Summer_Olympics_%E2%80%93_Men%27s_marathon
Yonas Kifle, Eritrea,2:20:23,olympic_marathon_2008,NA,NA,NA,NA,https://en.wikipedia.org/wiki/Athletics_at_the_2008_Summer_Olympics_%E2%80%93_Men%27s_marathon
Nasar Sakar Saeed, Bahrain,2:20:24,olympic_marathon_2008,NA,NA,NA,NA,https://en.wikipedia.org/wiki/Athletics_at_the_2008_Summer_Olympics_%E2%80%93_Men%27s_marathon
José de Souza, Brazil,2:20:25,olympic_marathon_2008,NA,NA,NA,NA,https://en.wikipedia.org/wiki/Athletics_at_the_2008_Summer_Olympics_%E2%80%93_Men%27s_marathon
Kamiel Maase, Netherlands,2:20:30,olympic_marathon_2008,NA,NA,NA,NA,https://en.wikipedia.org/wiki/Athletics_at_the_2008_Summer_Olympics_%E2%80%93_Men%27s_marathon
Pak Song-Chol, North Korea,2:21:16,olympic_marathon_2008,NA,NA,NA,NA,https://en.wikipedia.org/wiki/Athletics_at_the_2008_Summer_Olympics_%E2%80%93_Men%27s_marathon
Iaroslav Musinschi, Moldova,2:21:18,olympic_marathon_2008,NA,NA,NA,NA,https://en.wikipedia.org/wiki/Athletics_at_the_2008_Summer_Olympics_%E2%80%93_Men%27s_marathon
Kim Il-Nam, North Korea,2:21:51,olympic_marathon_2008,NA,NA,NA,NA,https://en.wikipedia.org/wiki/Athletics_at_the_2008_Summer_Olympics_%E2%80%93_Men%27s_marathon
Juan Carlos Cardona, Colombia,2:21:57,olympic_marathon_2008,NA,NA,NA,NA,https://en.wikipedia.org/wiki/Athletics_at_the_2008_Summer_Olympics_%E2%80%93_Men%27s_marathon
Hendrick Ramaala, South Africa,2:22:43,olympic_marathon_2008,NA,NA,NA,NA,https://en.wikipedia.org/wiki/Athletics_at_the_2008_Summer_Olympics_%E2%80%93_Men%27s_marathon
Arjun Kumar Basnet, Nepal,2:23:09,olympic_marathon_2008,NA,NA,NA,NA,https://en.wikipedia.org/wiki/Athletics_at_the_2008_Summer_Olympics_%E2%80%93_Men%27s_marathon
Hélder Ornelas, Portugal,2:23:20,olympic_marathon_2008,NA,NA,NA,NA,https://en.wikipedia.org/wiki/Athletics_at_the_2008_Summer_Olympics_%E2%80%93_Men%27s_marathon
Procopio Franco, Mexico,2:23:24,olympic_marathon_2008,NA,NA,NA,NA,https://en.wikipedia.org/wiki/Athletics_at_the_2008_Summer_Olympics_%E2%80%93_Men%27s_marathon
Nelson Cruz, Cape Verde,2:23:47,olympic_marathon_2008,NA,NA,NA,NA,https://en.wikipedia.org/wiki/Athletics_at_the_2008_Summer_Olympics_%E2%80%93_Men%27s_marathon
Roberto Echeverría, Chile,2:23:54,olympic_marathon_2008,NA,NA,NA,NA,https://en.wikipedia.org/wiki/Athletics_at_the_2008_Summer_Olympics_%E2%80%93_Men%27s_marathon
Kim Yi-Yong, South Korea,2:23:57,olympic_marathon_2008,NA,NA,NA,NA,https://en.wikipedia.org/wiki/Athletics_at_the_2008_Summer_Olympics_%E2%80%93_Men%27s_marathon
Li Zhuhong, China,2:24:08,olympic_marathon_2008,NA,NA,NA,NA,https://en.wikipedia.org/wiki/Athletics_at_the_2008_Summer_Olympics_%E2%80%93_Men%27s_marathon
Bat-Ochiryn Ser-Od, Mongolia,2:24:19,olympic_marathon_2008,NA,NA,NA,NA,https://en.wikipedia.org/wiki/Athletics_at_the_2008_Summer_Olympics_%E2%80%93_Men%27s_marathon
Norman Dlomo, South Africa,2:24:28,olympic_marathon_2008,NA,NA,NA,NA,https://en.wikipedia.org/wiki/Athletics_at_the_2008_Summer_Olympics_%E2%80%93_Men%27s_marathon
Arkadiusz Sowa, Poland,2:24:48,olympic_marathon_2008,NA,NA,NA,NA,https://en.wikipedia.org/wiki/Athletics_at_the_2008_Summer_Olympics_%E2%80%93_Men%27s_marathon
Samson Ramadhani, Tanzania,2:25:03,olympic_marathon_2008,NA,NA,NA,NA,https://en.wikipedia.org/wiki/Athletics_at_the_2008_Summer_Olympics_%E2%80%93_Men%27s_marathon
Ndabili Bashingili, Botswana,2:25:11,olympic_marathon_2008,NA,NA,NA,NA,https://en.wikipedia.org/wiki/Athletics_at_the_2008_Summer_Olympics_%E2%80%93_Men%27s_marathon
Simon Munyutu, France,2:25:50,olympic_marathon_2008,NA,NA,NA,NA,https://en.wikipedia.org/wiki/Athletics_at_the_2008_Summer_Olympics_%E2%80%93_Men%27s_marathon
Antoni Bernadó, Andorra,2:26:29,olympic_marathon_2008,NA,NA,NA,NA,https://en.wikipedia.org/wiki/Athletics_at_the_2008_Summer_Olympics_%E2%80%93_Men%27s_marathon
Wu Wen-Chien, Chinese Taipei,2:26:55,olympic_marathon_2008,NA,NA,NA,NA,https://en.wikipedia.org/wiki/Athletics_at_the_2008_Summer_Olympics_%E2%80%93_Men%27s_marathon
Lee Troop, Australia,2:27:17,olympic_marathon_2008,NA,NA,NA,NA,https://en.wikipedia.org/wiki/Athletics_at_the_2008_Summer_Olympics_%E2%80%93_Men%27s_marathon
Constantino León, Peru,2:28:04,olympic_marathon_2008,NA,NA,NA,NA,https://en.wikipedia.org/wiki/Athletics_at_the_2008_Summer_Olympics_%E2%80%93_Men%27s_marathon
Goran Stojiljković, Montenegro,2:28:14,olympic_marathon_2008,NA,NA,NA,NA,https://en.wikipedia.org/wiki/Athletics_at_the_2008_Summer_Olympics_%E2%80%93_Men%27s_marathon
Alfredo Arévalo, Guatemala,2:28:26,olympic_marathon_2008,NA,NA,NA,NA,https://en.wikipedia.org/wiki/Athletics_at_the_2008_Summer_Olympics_%E2%80%93_Men%27s_marathon
Yousf Othman Qader, Qatar,2:28:40,olympic_marathon_2008,NA,NA,NA,NA,https://en.wikipedia.org/wiki/Athletics_at_the_2008_Summer_Olympics_%E2%80%93_Men%27s_marathon
Franklin Tenorio, Ecuador,2:29:05,olympic_marathon_2008,NA,NA,NA,NA,https://en.wikipedia.org/wiki/Athletics_at_the_2008_Summer_Olympics_%E2%80%93_Men%27s_marathon
Francisco Bautista, Mexico,2:29:28,olympic_marathon_2008,NA,NA,NA,NA,https://en.wikipedia.org/wiki/Athletics_at_the_2008_Summer_Olympics_%E2%80%93_Men%27s_marathon
Roman Kejžar, Slovenia,2:29:37,olympic_marathon_2008,NA,NA,NA,NA,https://en.wikipedia.org/wiki/Athletics_at_the_2008_Summer_Olympics_%E2%80%93_Men%27s_marathon
Joachim Nshimirimana, Burundi,2:29:55,olympic_marathon_2008,NA,NA,NA,NA,https://en.wikipedia.org/wiki/Athletics_at_the_2008_Summer_Olympics_%E2%80%93_Men%27s_marathon
Seteng Ayele, Israel,2:30:07,olympic_marathon_2008,NA,NA,NA,NA,https://en.wikipedia.org/wiki/Athletics_at_the_2008_Summer_Olympics_%E2%80%93_Men%27s_marathon
Takhir Mamashayev, Kazakhstan,2:30:26,olympic_marathon_2008,NA,NA,NA,NA,https://en.wikipedia.org/wiki/Athletics_at_the_2008_Summer_Olympics_%E2%80%93_Men%27s_marathon
Abdil Ceylan, Turkey,2:31:43,olympic_marathon_2008,NA,NA,NA,NA,https://en.wikipedia.org/wiki/Athletics_at_the_2008_Summer_Olympics_%E2%80%93_Men%27s_marathon
José Ríos, Spain,2:32:35,olympic_marathon_2008,NA,NA,NA,NA,https://en.wikipedia.org/wiki/Athletics_at_the_2008_Summer_Olympics_%E2%80%93_Men%27s_marathon
Hem Bunting, Cambodia,2:33:32,olympic_marathon_2008,NA,NA,NA,NA,https://en.wikipedia.org/wiki/Athletics_at_the_2008_Summer_Olympics_%E2%80%93_Men%27s_marathon
Marcel Tschopp, Liechtenstein,2:35:06,olympic_marathon_2008,NA,NA,NA,NA,https://en.wikipedia.org/wiki/Athletics_at_the_2008_Summer_Olympics_%E2%80%93_Men%27s_marathon
Pavel Loskutov, Estonia,2:39:01,olympic_marathon_2008,NA,NA,NA,NA,https://en.wikipedia.org/wiki/Athletics_at_the_2008_Summer_Olympics_%E2%80%93_Men%27s_marathon
Atsushi Sato, Japan,2:41:08,olympic_marathon_2008,NA,NA,NA,NA,https://en.wikipedia.org/wiki/Athletics_at_the_2008_Summer_Olympics_%E2%80%93_Men%27s_marathon
Tesfayohannes Mesfen, Eritrea,DNF,olympic_marathon_2008,NA,NA,NA,NA,https://en.wikipedia.org/wiki/Athletics_at_the_2008_Summer_Olympics_%E2%80%93_Men%27s_marathon
Julio Rey, Spain,DNF,olympic_marathon_2008,NA,NA,NA,NA,https://en.wikipedia.org/wiki/Athletics_at_the_2008_Summer_Olympics_%E2%80%93_Men%27s_marathon
Martin Fagan, Ireland,DNF,olympic_marathon_2008,NA,NA,NA,NA,https://en.wikipedia.org/wiki/Athletics_at_the_2008_Summer_Olympics_%E2%80%93_Men%27s_marathon
Al Mustafa Riyadh, Bahrain,DNF,olympic_marathon_2008,NA,NA,NA,NA,https://en.wikipedia.org/wiki/Athletics_at_the_2008_Summer_Olympics_%E2%80%93_Men%27s_marathon
Ali Mabrouk El Zaidi, Libya,DNF,olympic_marathon_2008,NA,NA,NA,NA,https://en.wikipedia.org/wiki/Athletics_at_the_2008_Summer_Olympics_%E2%80%93_Men%27s_marathon
Marilson dos Santos, Brazil,DNF,olympic_marathon_2008,NA,NA,NA,NA,https://en.wikipedia.org/wiki/Athletics_at_the_2008_Summer_Olympics_%E2%80%93_Men%27s_marathon
Luke Kibet, Kenya,DNF,olympic_marathon_2008,NA,NA,NA,NA,https://en.wikipedia.org/wiki/Athletics_at_the_2008_Summer_Olympics_%E2%80%93_Men%27s_marathon
Abdulhak Elgorche Zakaria, Bahrain,DNF,olympic_marathon_2008,NA,NA,NA,NA,https://en.wikipedia.org/wiki/Athletics_at_the_2008_Summer_Olympics_%E2%80%93_Men%27s_marathon
Luis Fonseca, Venezuela,DNF,olympic_marathon_2008,NA,NA,NA,NA,https://en.wikipedia.org/wiki/Athletics_at_the_2008_Summer_Olympics_%E2%80%93_Men%27s_marathon
Oleksandr Sitkovskyy, Ukraine,DNF,olympic_marathon_2008,NA,NA,NA,NA,https://en.wikipedia.org/wiki/Athletics_at_the_2008_Summer_Olympics_%E2%80%93_Men%27s_marathon
Franck de Almeida, Brazil,DNF,olympic_marathon_2008,NA,NA,NA,NA,https://en.wikipedia.org/wiki/Athletics_at_the_2008_Summer_Olympics_%E2%80%93_Men%27s_marathon
Andrei Gordeev, Belarus,DNF,olympic_marathon_2008,NA,NA,NA,NA,https://en.wikipedia.org/wiki/Athletics_at_the_2008_Summer_Olympics_%E2%80%93_Men%27s_marathon
João N'Tyamba, Angola,DNF,olympic_marathon_2008,NA,NA,NA,NA,https://en.wikipedia.org/wiki/Athletics_at_the_2008_Summer_Olympics_%E2%80%93_Men%27s_marathon
Moses Moeketsi Mosuhli, Lesotho,DNF,olympic_marathon_2008,NA,NA,NA,NA,https://en.wikipedia.org/wiki/Athletics_at_the_2008_Summer_Olympics_%E2%80%93_Men%27s_marathon
Getuli Bayo, Tanzania,DNF,olympic_marathon_2008,NA,NA,NA,NA,https://en.wikipedia.org/wiki/Athletics_at_the_2008_Summer_Olympics_%E2%80%93_Men%27s_marathon
Mubarak Hassan Shami, Qatar,DNF,olympic_marathon_2008,NA,NA,NA,NA,https://en.wikipedia.org/wiki/Athletics_at_the_2008_Summer_Olympics_%E2%80%93_Men%27s_marathon
Simon Tsotang Maine, Lesotho,DNF,olympic_marathon_2008,NA,NA,NA,NA,https://en.wikipedia.org/wiki/Athletics_at_the_2008_Summer_Olympics_%E2%80%93_Men%27s_marathon
Clement Mabothile Lebopo, Lesotho,DNF,olympic_marathon_2008,NA,NA,NA,NA,https://en.wikipedia.org/wiki/Athletics_at_the_2008_Summer_Olympics_%E2%80%93_Men%27s_marathon
Olexandr Kuzin, Ukraine,DNF,olympic_marathon_2008,NA,NA,NA,NA,https://en.wikipedia.org/wiki/Athletics_at_the_2008_Summer_Olympics_%E2%80%93_Men%27s_marathon
Mohamed Ikoki Msandeki, Tanzania,DNF,olympic_marathon_2008,NA,NA,NA,NA,https://en.wikipedia.org/wiki/Athletics_at_the_2008_Summer_Olympics_%E2%80%93_Men%27s_marathon
Satoshi Osaki, Japan,DNF,olympic_marathon_2008,NA,NA,NA,NA,https://en.wikipedia.org/wiki/Athletics_at_the_2008_Summer_Olympics_%E2%80%93_Men%27s_marathon
Augusto Soares, Timor-Leste,DNF,olympic_marathon_2008,NA,NA,NA,NA,https://en.wikipedia.org/wiki/Athletics_at_the_2008_Summer_Olympics_%E2%80%93_Men%27s_marathon
Stefano Baldini, Italy,2:10:55,olympic_marathon_2004,NA,NA,NA,NA,https://en.wikipedia.org/wiki/Athletics_at_the_2004_Summer_Olympics_%E2%80%93_Men%27s_marathon
Mebrahtom Keflezighi, United States,2:11:29,olympic_marathon_2004,NA,NA,NA,NA,https://en.wikipedia.org/wiki/Athletics_at_the_2004_Summer_Olympics_%E2%80%93_Men%27s_marathon
Vanderlei de Lima, Brazil,2:12:11,olympic_marathon_2004,NA,NA,NA,NA,https://en.wikipedia.org/wiki/Athletics_at_the_2004_Summer_Olympics_%E2%80%93_Men%27s_marathon
Jon Brown, Great Britain,2:12:26,olympic_marathon_2004,NA,NA,NA,NA,https://en.wikipedia.org/wiki/Athletics_at_the_2004_Summer_Olympics_%E2%80%93_Men%27s_marathon
Shigeru Aburaya, Japan,2:13:11,olympic_marathon_2004,NA,NA,NA,NA,https://en.wikipedia.org/wiki/Athletics_at_the_2004_Summer_Olympics_%E2%80%93_Men%27s_marathon
Toshinari Suwa, Japan,2:13:24,olympic_marathon_2004,NA,NA,NA,NA,https://en.wikipedia.org/wiki/Athletics_at_the_2004_Summer_Olympics_%E2%80%93_Men%27s_marathon
Erick Wainaina, Kenya,2:13:30,olympic_marathon_2004,NA,NA,NA,NA,https://en.wikipedia.org/wiki/Athletics_at_the_2004_Summer_Olympics_%E2%80%93_Men%27s_marathon
Alberto Chaíça, Portugal,2:14:17,olympic_marathon_2004,NA,NA,NA,NA,https://en.wikipedia.org/wiki/Athletics_at_the_2004_Summer_Olympics_%E2%80%93_Men%27s_marathon
Alberico di Cecco, Italy,2:14:34,olympic_marathon_2004,NA,NA,NA,NA,https://en.wikipedia.org/wiki/Athletics_at_the_2004_Summer_Olympics_%E2%80%93_Men%27s_marathon
Paul Tergat, Kenya,2:14:45,olympic_marathon_2004,NA,NA,NA,NA,https://en.wikipedia.org/wiki/Athletics_at_the_2004_Summer_Olympics_%E2%80%93_Men%27s_marathon
Jaouad Gharib, Morocco,2:15:12,olympic_marathon_2004,NA,NA,NA,NA,https://en.wikipedia.org/wiki/Athletics_at_the_2004_Summer_Olympics_%E2%80%93_Men%27s_marathon
Alan Culpepper, United States,2:15:26,olympic_marathon_2004,NA,NA,NA,NA,https://en.wikipedia.org/wiki/Athletics_at_the_2004_Summer_Olympics_%E2%80%93_Men%27s_marathon
Leonid Shvetsov, Russia,2:15:28,olympic_marathon_2004,NA,NA,NA,NA,https://en.wikipedia.org/wiki/Athletics_at_the_2004_Summer_Olympics_%E2%80%93_Men%27s_marathon
Lee Bong-ju, South Korea,2:15:33,olympic_marathon_2004,NA,NA,NA,NA,https://en.wikipedia.org/wiki/Athletics_at_the_2004_Summer_Olympics_%E2%80%93_Men%27s_marathon
Ambesse Tolosa, Ethiopia,2:15:39,olympic_marathon_2004,NA,NA,NA,NA,https://en.wikipedia.org/wiki/Athletics_at_the_2004_Summer_Olympics_%E2%80%93_Men%27s_marathon
Gert Thys, South Africa,2:16:08,olympic_marathon_2004,NA,NA,NA,NA,https://en.wikipedia.org/wiki/Athletics_at_the_2004_Summer_Olympics_%E2%80%93_Men%27s_marathon
Ji Young-joon, South Korea,2:16:14,olympic_marathon_2004,NA,NA,NA,NA,https://en.wikipedia.org/wiki/Athletics_at_the_2004_Summer_Olympics_%E2%80%93_Men%27s_marathon
Antoni Peña, Spain,2:16:38,olympic_marathon_2004,NA,NA,NA,NA,https://en.wikipedia.org/wiki/Athletics_at_the_2004_Summer_Olympics_%E2%80%93_Men%27s_marathon
Grigoriy Andreyev, Russia,2:16:55,olympic_marathon_2004,NA,NA,NA,NA,https://en.wikipedia.org/wiki/Athletics_at_the_2004_Summer_Olympics_%E2%80%93_Men%27s_marathon
Haile Satayin, Israel,2:17:25,olympic_marathon_2004,NA,NA,NA,NA,https://en.wikipedia.org/wiki/Athletics_at_the_2004_Summer_Olympics_%E2%80%93_Men%27s_marathon
Jonathan Wyatt, New Zealand,2:17:45,olympic_marathon_2004,NA,NA,NA,NA,https://en.wikipedia.org/wiki/Athletics_at_the_2004_Summer_Olympics_%E2%80%93_Men%27s_marathon
Janne Holmen, Finland,2:17:50,olympic_marathon_2004,NA,NA,NA,NA,https://en.wikipedia.org/wiki/Athletics_at_the_2004_Summer_Olympics_%E2%80%93_Men%27s_marathon
Dan Robinson, Great Britain,2:17:53,olympic_marathon_2004,NA,NA,NA,NA,https://en.wikipedia.org/wiki/Athletics_at_the_2004_Summer_Olympics_%E2%80%93_Men%27s_marathon
Nikolaos Polias, Greece,2:17:56,olympic_marathon_2004,NA,NA,NA,NA,https://en.wikipedia.org/wiki/Athletics_at_the_2004_Summer_Olympics_%E2%80%93_Men%27s_marathon
Ndabili Bashingili, Botswana,2:18:09,olympic_marathon_2004,NA,NA,NA,NA,https://en.wikipedia.org/wiki/Athletics_at_the_2004_Summer_Olympics_%E2%80%93_Men%27s_marathon
Pavel Loskutov, Estonia,2:18:09,olympic_marathon_2004,NA,NA,NA,NA,https://en.wikipedia.org/wiki/Athletics_at_the_2004_Summer_Olympics_%E2%80%93_Men%27s_marathon
José Rios, Spain,2:18:40,olympic_marathon_2004,NA,NA,NA,NA,https://en.wikipedia.org/wiki/Athletics_at_the_2004_Summer_Olympics_%E2%80%93_Men%27s_marathon
Lee Troop, Australia,2:18:46,olympic_marathon_2004,NA,NA,NA,NA,https://en.wikipedia.org/wiki/Athletics_at_the_2004_Summer_Olympics_%E2%80%93_Men%27s_marathon
Michael Buchleitner, Austria,2:19:19,olympic_marathon_2004,NA,NA,NA,NA,https://en.wikipedia.org/wiki/Athletics_at_the_2004_Summer_Olympics_%E2%80%93_Men%27s_marathon
Anuradha Cooray, Sri Lanka,2:19:24,olympic_marathon_2004,NA,NA,NA,NA,https://en.wikipedia.org/wiki/Athletics_at_the_2004_Summer_Olympics_%E2%80%93_Men%27s_marathon
Li Zhuhong, China,2:19:26,olympic_marathon_2004,NA,NA,NA,NA,https://en.wikipedia.org/wiki/Athletics_at_the_2004_Summer_Olympics_%E2%80%93_Men%27s_marathon
Joachim Nshimirimana, Burundi,2:19:31,olympic_marathon_2004,NA,NA,NA,NA,https://en.wikipedia.org/wiki/Athletics_at_the_2004_Summer_Olympics_%E2%80%93_Men%27s_marathon
Dale Warrender, New Zealand,2:19:42,olympic_marathon_2004,NA,NA,NA,NA,https://en.wikipedia.org/wiki/Athletics_at_the_2004_Summer_Olympics_%E2%80%93_Men%27s_marathon
Waldemar Glinka, Poland,2:19:43,olympic_marathon_2004,NA,NA,NA,NA,https://en.wikipedia.org/wiki/Athletics_at_the_2004_Summer_Olympics_%E2%80%93_Men%27s_marathon
Jong Myong-chol, North Korea,2:19:47,olympic_marathon_2004,NA,NA,NA,NA,https://en.wikipedia.org/wiki/Athletics_at_the_2004_Summer_Olympics_%E2%80%93_Men%27s_marathon
El-Hassan Lahssini, France,2:19:50,olympic_marathon_2004,NA,NA,NA,NA,https://en.wikipedia.org/wiki/Athletics_at_the_2004_Summer_Olympics_%E2%80%93_Men%27s_marathon
Michał Bartoszak, Poland,2:20:20,olympic_marathon_2004,NA,NA,NA,NA,https://en.wikipedia.org/wiki/Athletics_at_the_2004_Summer_Olympics_%E2%80%93_Men%27s_marathon
Ahmed Jumaa Jaber, Qatar,2:20:27,olympic_marathon_2004,NA,NA,NA,NA,https://en.wikipedia.org/wiki/Athletics_at_the_2004_Summer_Olympics_%E2%80%93_Men%27s_marathon
Ali Mabrouk El Zaidi, Libya,2:20:31,olympic_marathon_2004,NA,NA,NA,NA,https://en.wikipedia.org/wiki/Athletics_at_the_2004_Summer_Olympics_%E2%80%93_Men%27s_marathon
Samson Ramadhani, Tanzania,2:20:38,olympic_marathon_2004,NA,NA,NA,NA,https://en.wikipedia.org/wiki/Athletics_at_the_2004_Summer_Olympics_%E2%80%93_Men%27s_marathon
Lee Myong-seung, South Korea,2:21:01,olympic_marathon_2004,NA,NA,NA,NA,https://en.wikipedia.org/wiki/Athletics_at_the_2004_Summer_Olympics_%E2%80%93_Men%27s_marathon
Tomoaki Kunichika, Japan,2:21:13,olympic_marathon_2004,NA,NA,NA,NA,https://en.wikipedia.org/wiki/Athletics_at_the_2004_Summer_Olympics_%E2%80%93_Men%27s_marathon
José Alirio Carrasco, Colombia,2:21:14,olympic_marathon_2004,NA,NA,NA,NA,https://en.wikipedia.org/wiki/Athletics_at_the_2004_Summer_Olympics_%E2%80%93_Men%27s_marathon
Ernest Ndjissipou, Central African Republic,2:21:23,olympic_marathon_2004,NA,NA,NA,NA,https://en.wikipedia.org/wiki/Athletics_at_the_2004_Summer_Olympics_%E2%80%93_Men%27s_marathon
Nicholas Harrison, Australia,2:21:42,olympic_marathon_2004,NA,NA,NA,NA,https://en.wikipedia.org/wiki/Athletics_at_the_2004_Summer_Olympics_%E2%80%93_Men%27s_marathon
Tereje Wodajo, Ethiopia,2:21:53,olympic_marathon_2004,NA,NA,NA,NA,https://en.wikipedia.org/wiki/Athletics_at_the_2004_Summer_Olympics_%E2%80%93_Men%27s_marathon
Aguelmis Rojas, Cuba,2:21:59,olympic_marathon_2004,NA,NA,NA,NA,https://en.wikipedia.org/wiki/Athletics_at_the_2004_Summer_Olympics_%E2%80%93_Men%27s_marathon
Abel Chimukoko, Zimbabwe,2:22:09,olympic_marathon_2004,NA,NA,NA,NA,https://en.wikipedia.org/wiki/Athletics_at_the_2004_Summer_Olympics_%E2%80%93_Men%27s_marathon
Saïd Belhout, Algeria,2:22:32,olympic_marathon_2004,NA,NA,NA,NA,https://en.wikipedia.org/wiki/Athletics_at_the_2004_Summer_Olympics_%E2%80%93_Men%27s_marathon
Matthew O'Dowd, Great Britain,2:22:37,olympic_marathon_2004,NA,NA,NA,NA,https://en.wikipedia.org/wiki/Athletics_at_the_2004_Summer_Olympics_%E2%80%93_Men%27s_marathon
Juan Carlos Cardona, Colombia,2:22:49,olympic_marathon_2004,NA,NA,NA,NA,https://en.wikipedia.org/wiki/Athletics_at_the_2004_Summer_Olympics_%E2%80%93_Men%27s_marathon
Daniele Caimmi, Italy,2:23:07,olympic_marathon_2004,NA,NA,NA,NA,https://en.wikipedia.org/wiki/Athletics_at_the_2004_Summer_Olympics_%E2%80%93_Men%27s_marathon
João N'Tyamba, Angola,2:23:26,olympic_marathon_2004,NA,NA,NA,NA,https://en.wikipedia.org/wiki/Athletics_at_the_2004_Summer_Olympics_%E2%80%93_Men%27s_marathon
Roman Kejžar, Slovenia,2:23:34,olympic_marathon_2004,NA,NA,NA,NA,https://en.wikipedia.org/wiki/Athletics_at_the_2004_Summer_Olympics_%E2%80%93_Men%27s_marathon
Procopio Franco, Mexico,2:23:34,olympic_marathon_2004,NA,NA,NA,NA,https://en.wikipedia.org/wiki/Athletics_at_the_2004_Summer_Olympics_%E2%80%93_Men%27s_marathon
Wu Wen-chien, Chinese Taipei,2:23:54,olympic_marathon_2004,NA,NA,NA,NA,https://en.wikipedia.org/wiki/Athletics_at_the_2004_Summer_Olympics_%E2%80%93_Men%27s_marathon
Antoni Bernado, Andorra,2:23:55,olympic_marathon_2004,NA,NA,NA,NA,https://en.wikipedia.org/wiki/Athletics_at_the_2004_Summer_Olympics_%E2%80%93_Men%27s_marathon
Julio Rey, Spain,2:24:54,olympic_marathon_2004,NA,NA,NA,NA,https://en.wikipedia.org/wiki/Athletics_at_the_2004_Summer_Olympics_%E2%80%93_Men%27s_marathon
Asaf Bimro, Israel,2:25:20,olympic_marathon_2004,NA,NA,NA,NA,https://en.wikipedia.org/wiki/Athletics_at_the_2004_Summer_Olympics_%E2%80%93_Men%27s_marathon
Sisay Bezabeh, Australia,2:25:26,olympic_marathon_2004,NA,NA,NA,NA,https://en.wikipedia.org/wiki/Athletics_at_the_2004_Summer_Olympics_%E2%80%93_Men%27s_marathon
Silvio Guerra, Ecuador,2:25:29,olympic_marathon_2004,NA,NA,NA,NA,https://en.wikipedia.org/wiki/Athletics_at_the_2004_Summer_Olympics_%E2%80%93_Men%27s_marathon
Mathias Ntawulikura, Rwanda,2:26:05,olympic_marathon_2004,NA,NA,NA,NA,https://en.wikipedia.org/wiki/Athletics_at_the_2004_Summer_Olympics_%E2%80%93_Men%27s_marathon
Róbert Štefko, Czech Republic,2:27:12,olympic_marathon_2004,NA,NA,NA,NA,https://en.wikipedia.org/wiki/Athletics_at_the_2004_Summer_Olympics_%E2%80%93_Men%27s_marathon
José Amado García, Guatemala,2:27:13,olympic_marathon_2004,NA,NA,NA,NA,https://en.wikipedia.org/wiki/Athletics_at_the_2004_Summer_Olympics_%E2%80%93_Men%27s_marathon
Dan Browne, United States,2:27:17,olympic_marathon_2004,NA,NA,NA,NA,https://en.wikipedia.org/wiki/Athletics_at_the_2004_Summer_Olympics_%E2%80%93_Men%27s_marathon
Han Gang, China,2:27:31,olympic_marathon_2004,NA,NA,NA,NA,https://en.wikipedia.org/wiki/Athletics_at_the_2004_Summer_Olympics_%E2%80%93_Men%27s_marathon
Eduardo Buenavista, Philippines,2:28:18,olympic_marathon_2004,NA,NA,NA,NA,https://en.wikipedia.org/wiki/Athletics_at_the_2004_Summer_Olympics_%E2%80%93_Men%27s_marathon
Driss El Himer, France,2:29:07,olympic_marathon_2004,NA,NA,NA,NA,https://en.wikipedia.org/wiki/Athletics_at_the_2004_Summer_Olympics_%E2%80%93_Men%27s_marathon
Andrés Espinosa, Mexico,2:29:43,olympic_marathon_2004,NA,NA,NA,NA,https://en.wikipedia.org/wiki/Athletics_at_the_2004_Summer_Olympics_%E2%80%93_Men%27s_marathon
Mpesela Ntlot Soeu, Lesotho,2:30:19,olympic_marathon_2004,NA,NA,NA,NA,https://en.wikipedia.org/wiki/Athletics_at_the_2004_Summer_Olympics_%E2%80%93_Men%27s_marathon
Franklin Tenorio, Ecuador,2:31:12,olympic_marathon_2004,NA,NA,NA,NA,https://en.wikipedia.org/wiki/Athletics_at_the_2004_Summer_Olympics_%E2%80%93_Men%27s_marathon
José Ernani Palalia, Mexico,2:31:41,olympic_marathon_2004,NA,NA,NA,NA,https://en.wikipedia.org/wiki/Athletics_at_the_2004_Summer_Olympics_%E2%80%93_Men%27s_marathon
Dmitriy Burmakin, Russia,2:31:51,olympic_marathon_2004,NA,NA,NA,NA,https://en.wikipedia.org/wiki/Athletics_at_the_2004_Summer_Olympics_%E2%80%93_Men%27s_marathon
Mindaugas Pukštas, Lithuania,2:33:02,olympic_marathon_2004,NA,NA,NA,NA,https://en.wikipedia.org/wiki/Athletics_at_the_2004_Summer_Olympics_%E2%80%93_Men%27s_marathon
Bat-Ochiryn Ser-Od, Mongolia,2:33:24,olympic_marathon_2004,NA,NA,NA,NA,https://en.wikipedia.org/wiki/Athletics_at_the_2004_Summer_Olympics_%E2%80%93_Men%27s_marathon
Zhu Ronghua, China,2:34:02,olympic_marathon_2004,NA,NA,NA,NA,https://en.wikipedia.org/wiki/Athletics_at_the_2004_Summer_Olympics_%E2%80%93_Men%27s_marathon
Alfredo Arevalo, Guatemala,2:34:02,olympic_marathon_2004,NA,NA,NA,NA,https://en.wikipedia.org/wiki/Athletics_at_the_2004_Summer_Olympics_%E2%80%93_Men%27s_marathon
António Zeferino, Cape Verde,2:36:22,olympic_marathon_2004,NA,NA,NA,NA,https://en.wikipedia.org/wiki/Athletics_at_the_2004_Summer_Olympics_%E2%80%93_Men%27s_marathon
Valery Pisarev, Kyrgyzstan,2:40:10,olympic_marathon_2004,NA,NA,NA,NA,https://en.wikipedia.org/wiki/Athletics_at_the_2004_Summer_Olympics_%E2%80%93_Men%27s_marathon
Zepherinus Joseph, Saint Lucia,2:44:19,olympic_marathon_2004,NA,NA,NA,NA,https://en.wikipedia.org/wiki/Athletics_at_the_2004_Summer_Olympics_%E2%80%93_Men%27s_marathon
Marcel Matanin, Slovakia,2:50:26,olympic_marathon_2004,NA,NA,NA,NA,https://en.wikipedia.org/wiki/Athletics_at_the_2004_Summer_Olympics_%E2%80%93_Men%27s_marathon
Hendrick Ramaala, South Africa,DNF,olympic_marathon_2004,NA,NA,NA,NA,https://en.wikipedia.org/wiki/Athletics_at_the_2004_Summer_Olympics_%E2%80%93_Men%27s_marathon
Zebedayo Bayo, Tanzania,DNF,olympic_marathon_2004,NA,NA,NA,NA,https://en.wikipedia.org/wiki/Athletics_at_the_2004_Summer_Olympics_%E2%80%93_Men%27s_marathon
Hailu Negussie, Ethiopia,DNF,olympic_marathon_2004,NA,NA,NA,NA,https://en.wikipedia.org/wiki/Athletics_at_the_2004_Summer_Olympics_%E2%80%93_Men%27s_marathon
Viktor Röthlin, Switzerland,DNF,olympic_marathon_2004,NA,NA,NA,NA,https://en.wikipedia.org/wiki/Athletics_at_the_2004_Summer_Olympics_%E2%80%93_Men%27s_marathon
Al Mustafa Riyadh, Bahrain,DNF,olympic_marathon_2004,NA,NA,NA,NA,https://en.wikipedia.org/wiki/Athletics_at_the_2004_Summer_Olympics_%E2%80%93_Men%27s_marathon
Rômulo Wagner, Brazil,DNF,olympic_marathon_2004,NA,NA,NA,NA,https://en.wikipedia.org/wiki/Athletics_at_the_2004_Summer_Olympics_%E2%80%93_Men%27s_marathon
Ian Syster, South Africa,DNF,olympic_marathon_2004,NA,NA,NA,NA,https://en.wikipedia.org/wiki/Athletics_at_the_2004_Summer_Olympics_%E2%80%93_Men%27s_marathon
Zsolt Bácskai, Hungary,DNF,olympic_marathon_2004,NA,NA,NA,NA,https://en.wikipedia.org/wiki/Athletics_at_the_2004_Summer_Olympics_%E2%80%93_Men%27s_marathon
Azat Rakipov, Belarus,DNF,olympic_marathon_2004,NA,NA,NA,NA,https://en.wikipedia.org/wiki/Athletics_at_the_2004_Summer_Olympics_%E2%80%93_Men%27s_marathon
Dmytro Baranovskyy, Ukraine,DNF,olympic_marathon_2004,NA,NA,NA,NA,https://en.wikipedia.org/wiki/Athletics_at_the_2004_Summer_Olympics_%E2%80%93_Men%27s_marathon
Rachid Ghanmouni, Morocco,DNF,olympic_marathon_2004,NA,NA,NA,NA,https://en.wikipedia.org/wiki/Athletics_at_the_2004_Summer_Olympics_%E2%80%93_Men%27s_marathon
Rachid Ziar, Algeria,DNF,olympic_marathon_2004,NA,NA,NA,NA,https://en.wikipedia.org/wiki/Athletics_at_the_2004_Summer_Olympics_%E2%80%93_Men%27s_marathon
Mustapha Bennacer, Algeria,DNF,olympic_marathon_2004,NA,NA,NA,NA,https://en.wikipedia.org/wiki/Athletics_at_the_2004_Summer_Olympics_%E2%80%93_Men%27s_marathon
André Luiz Ramos, Brazil,DNF,olympic_marathon_2004,NA,NA,NA,NA,https://en.wikipedia.org/wiki/Athletics_at_the_2004_Summer_Olympics_%E2%80%93_Men%27s_marathon
Luis Fonseca, Venezuela,DNF,olympic_marathon_2004,NA,NA,NA,NA,https://en.wikipedia.org/wiki/Athletics_at_the_2004_Summer_Olympics_%E2%80%93_Men%27s_marathon
Khalid El Boumlili, Morocco,DNF,olympic_marathon_2004,NA,NA,NA,NA,https://en.wikipedia.org/wiki/Athletics_at_the_2004_Summer_Olympics_%E2%80%93_Men%27s_marathon
John Nada Saya, Tanzania,DNF,olympic_marathon_2004,NA,NA,NA,NA,https://en.wikipedia.org/wiki/Athletics_at_the_2004_Summer_Olympics_%E2%80%93_Men%27s_marathon
Gil da Cruz Trindade, Timor-Leste,DNF,olympic_marathon_2004,NA,NA,NA,NA,https://en.wikipedia.org/wiki/Athletics_at_the_2004_Summer_Olympics_%E2%80%93_Men%27s_marathon
Jussi Utriainen, Finland,DNF,olympic_marathon_2004,NA,NA,NA,NA,https://en.wikipedia.org/wiki/Athletics_at_the_2004_Summer_Olympics_%E2%80%93_Men%27s_marathon
Jean-Paul Gahimbaré, Burundi,DNF,olympic_marathon_2004,NA,NA,NA,NA,https://en.wikipedia.org/wiki/Athletics_at_the_2004_Summer_Olympics_%E2%80%93_Men%27s_marathon
Luc Krotwaar, Netherlands,DNS,olympic_marathon_2004,NA,NA,NA,NA,https://en.wikipedia.org/wiki/Athletics_at_the_2004_Summer_Olympics_%E2%80%93_Men%27s_marathon
 Gezahegne Abera (ETH),Ethiopia,2:10:11,olympic_marathon_2000,NA,NA,NA,NA,https://en.wikipedia.org/wiki/Athletics_at_the_2000_Summer_Olympics_%E2%80%93_Men%27s_maratho0
 Erick Wainaina (KEN),Kenya,2:10:31,olympic_marathon_2000,NA,NA,NA,NA,https://en.wikipedia.org/wiki/Athletics_at_the_2000_Summer_Olympics_%E2%80%93_Men%27s_maratho0
 Tesfaye Tola (ETH),Ethiopia,2:11:10,olympic_marathon_2000,NA,NA,NA,NA,https://en.wikipedia.org/wiki/Athletics_at_the_2000_Summer_Olympics_%E2%80%93_Men%27s_maratho0
 Jon Brown (GBR),Great Britain,2:11:17,olympic_marathon_2000,NA,NA,NA,NA,https://en.wikipedia.org/wiki/Athletics_at_the_2000_Summer_Olympics_%E2%80%93_Men%27s_maratho0
 Giacomo Leone (ITA),Italy,2:12:14,olympic_marathon_2000,NA,NA,NA,NA,https://en.wikipedia.org/wiki/Athletics_at_the_2000_Summer_Olympics_%E2%80%93_Men%27s_maratho0
 Martín Fiz (ESP),Spain,2:13:06,olympic_marathon_2000,NA,NA,NA,NA,https://en.wikipedia.org/wiki/Athletics_at_the_2000_Summer_Olympics_%E2%80%93_Men%27s_maratho0
 Abdelkader El Mouaziz (MAR),Morocco,2:12:49,olympic_marathon_2000,NA,NA,NA,NA,https://en.wikipedia.org/wiki/Athletics_at_the_2000_Summer_Olympics_%E2%80%93_Men%27s_maratho0
 Mohamed Ouaadi (FRA),France,2:14:04,olympic_marathon_2000,NA,NA,NA,NA,https://en.wikipedia.org/wiki/Athletics_at_the_2000_Summer_Olympics_%E2%80%93_Men%27s_maratho0
 Tendai Chimusasa (ZIM),Zimbabwe,2:14:19,olympic_marathon_2000,NA,NA,NA,NA,https://en.wikipedia.org/wiki/Athletics_at_the_2000_Summer_Olympics_%E2%80%93_Men%27s_maratho0
 Steve Moneghetti (AUS),Australia,2:14:50,olympic_marathon_2000,NA,NA,NA,NA,https://en.wikipedia.org/wiki/Athletics_at_the_2000_Summer_Olympics_%E2%80%93_Men%27s_maratho0
 António Pinto (POR),Portugal,2:15:17,olympic_marathon_2000,NA,NA,NA,NA,https://en.wikipedia.org/wiki/Athletics_at_the_2000_Summer_Olympics_%E2%80%93_Men%27s_maratho0
 Hendrick Ramaala (RSA),South Africa,2:16:19,olympic_marathon_2000,NA,NA,NA,NA,https://en.wikipedia.org/wiki/Athletics_at_the_2000_Summer_Olympics_%E2%80%93_Men%27s_maratho0
 Kamiel Maase (NED),Netherlands,2:16:24,olympic_marathon_2000,NA,NA,NA,NA,https://en.wikipedia.org/wiki/Athletics_at_the_2000_Summer_Olympics_%E2%80%93_Men%27s_maratho0
 Silvio Guerra (ECU),Ecuador,2:16:27,olympic_marathon_2000,NA,NA,NA,NA,https://en.wikipedia.org/wiki/Athletics_at_the_2000_Summer_Olympics_%E2%80%93_Men%27s_maratho0
 Mathias Ntawulikura (RWA),Rwanda,2:16:39,olympic_marathon_2000,NA,NA,NA,NA,https://en.wikipedia.org/wiki/Athletics_at_the_2000_Summer_Olympics_%E2%80%93_Men%27s_maratho0
 Thabiso Moqhali (LES),Lesotho,2:16:43,olympic_marathon_2000,NA,NA,NA,NA,https://en.wikipedia.org/wiki/Athletics_at_the_2000_Summer_Olympics_%E2%80%93_Men%27s_maratho0
 João N'Tyamba (ANG),Angola,2:16:43,olympic_marathon_2000,NA,NA,NA,NA,https://en.wikipedia.org/wiki/Athletics_at_the_2000_Summer_Olympics_%E2%80%93_Men%27s_maratho0
 Domingos Castro (POR),Portugal,2:16:52,olympic_marathon_2000,NA,NA,NA,NA,https://en.wikipedia.org/wiki/Athletics_at_the_2000_Summer_Olympics_%E2%80%93_Men%27s_maratho0
 Keith Cullen (GBR),Great Britain,2:16:59,olympic_marathon_2000,NA,NA,NA,NA,https://en.wikipedia.org/wiki/Athletics_at_the_2000_Summer_Olympics_%E2%80%93_Men%27s_maratho0
 Josia Thugwane (RSA),South Africa,2:16:59,olympic_marathon_2000,NA,NA,NA,NA,https://en.wikipedia.org/wiki/Athletics_at_the_2000_Summer_Olympics_%E2%80%93_Men%27s_maratho0
 Shinji Kawashima (JPN),Japan,2:17:21,olympic_marathon_2000,NA,NA,NA,NA,https://en.wikipedia.org/wiki/Athletics_at_the_2000_Summer_Olympics_%E2%80%93_Men%27s_maratho0
 Simretu Alemayehu (ETH),Ethiopia,2:17:21,olympic_marathon_2000,NA,NA,NA,NA,https://en.wikipedia.org/wiki/Athletics_at_the_2000_Summer_Olympics_%E2%80%93_Men%27s_maratho0
 Kamal Kohil (ALG),Algeria,2:17:46,olympic_marathon_2000,NA,NA,NA,NA,https://en.wikipedia.org/wiki/Athletics_at_the_2000_Summer_Olympics_%E2%80%93_Men%27s_maratho0
 Lee Bong-Ju (KOR),Korea,2:17:57,olympic_marathon_2000,NA,NA,NA,NA,https://en.wikipedia.org/wiki/Athletics_at_the_2000_Summer_Olympics_%E2%80%93_Men%27s_maratho0
 Greg van Hest (NED),Netherlands,2:18:00,olympic_marathon_2000,NA,NA,NA,NA,https://en.wikipedia.org/wiki/Athletics_at_the_2000_Summer_Olympics_%E2%80%93_Men%27s_maratho0
 Pavel Kokin (RUS),Russia,2:18:02,olympic_marathon_2000,NA,NA,NA,NA,https://en.wikipedia.org/wiki/Athletics_at_the_2000_Summer_Olympics_%E2%80%93_Men%27s_maratho0
 Andrés Espinosa (MEX),Mexico,2:18:02,olympic_marathon_2000,NA,NA,NA,NA,https://en.wikipedia.org/wiki/Athletics_at_the_2000_Summer_Olympics_%E2%80%93_Men%27s_maratho0
 Roderic De Highden (AUS),Australia,2:18:04,olympic_marathon_2000,NA,NA,NA,NA,https://en.wikipedia.org/wiki/Athletics_at_the_2000_Summer_Olympics_%E2%80%93_Men%27s_maratho0
 Kim Jung-Won (PRK),North Korea,2:18:04,olympic_marathon_2000,NA,NA,NA,NA,https://en.wikipedia.org/wiki/Athletics_at_the_2000_Summer_Olympics_%E2%80%93_Men%27s_maratho0
 Kim Jong-Chol (PRK),North Korea,2:18:04,olympic_marathon_2000,NA,NA,NA,NA,https://en.wikipedia.org/wiki/Athletics_at_the_2000_Summer_Olympics_%E2%80%93_Men%27s_maratho0
 Pamenos Ballantyne (VIN),Saint Vincent and the Grenadines,2:19:08,olympic_marathon_2000,NA,NA,NA,NA,https://en.wikipedia.org/wiki/Athletics_at_the_2000_Summer_Olympics_%E2%80%93_Men%27s_maratho0
 Ronnie Holassie (TRI),Trinidad,2:19:24,olympic_marathon_2000,NA,NA,NA,NA,https://en.wikipedia.org/wiki/Athletics_at_the_2000_Summer_Olympics_%E2%80%93_Men%27s_maratho0
 Michael Buchleitner (AUT),Austria,2:19:26,olympic_marathon_2000,NA,NA,NA,NA,https://en.wikipedia.org/wiki/Athletics_at_the_2000_Summer_Olympics_%E2%80%93_Men%27s_maratho0
 Dmitriy Kapitonov (RUS),Russia,2:19:38,olympic_marathon_2000,NA,NA,NA,NA,https://en.wikipedia.org/wiki/Athletics_at_the_2000_Summer_Olympics_%E2%80%93_Men%27s_maratho0
 Pavel Loskutov (EST),Estonia,2:19:41,olympic_marathon_2000,NA,NA,NA,NA,https://en.wikipedia.org/wiki/Athletics_at_the_2000_Summer_Olympics_%E2%80%93_Men%27s_maratho0
 Viktor Röthlin (SUI),Switzerland,2:20:06,olympic_marathon_2000,NA,NA,NA,NA,https://en.wikipedia.org/wiki/Athletics_at_the_2000_Summer_Olympics_%E2%80%93_Men%27s_maratho0
 Michael Fietz (GER),Germany,2:20:09,olympic_marathon_2000,NA,NA,NA,NA,https://en.wikipedia.org/wiki/Athletics_at_the_2000_Summer_Olympics_%E2%80%93_Men%27s_maratho0
 Tahar Mansouri (TUN),Tunisia,2:20:33,olympic_marathon_2000,NA,NA,NA,NA,https://en.wikipedia.org/wiki/Athletics_at_the_2000_Summer_Olympics_%E2%80%93_Men%27s_maratho0
 José Luis Molina (CRC),Costa Rica,2:20:37,olympic_marathon_2000,NA,NA,NA,NA,https://en.wikipedia.org/wiki/Athletics_at_the_2000_Summer_Olympics_%E2%80%93_Men%27s_maratho0
 Carlos Tarazona (VEN),Venezuela,2:20:39,olympic_marathon_2000,NA,NA,NA,NA,https://en.wikipedia.org/wiki/Athletics_at_the_2000_Summer_Olympics_%E2%80%93_Men%27s_maratho0
 Nobuyuki Sato (JPN),Japan,2:20:52,olympic_marathon_2000,NA,NA,NA,NA,https://en.wikipedia.org/wiki/Athletics_at_the_2000_Summer_Olympics_%E2%80%93_Men%27s_maratho0
 Alberto Juzdado (ESP),Spain,2:21:18,olympic_marathon_2000,NA,NA,NA,NA,https://en.wikipedia.org/wiki/Athletics_at_the_2000_Summer_Olympics_%E2%80%93_Men%27s_maratho0
 Johannes Maremane (RSA),South Africa,2:21:25,olympic_marathon_2000,NA,NA,NA,NA,https://en.wikipedia.org/wiki/Athletics_at_the_2000_Summer_Olympics_%E2%80%93_Men%27s_maratho0
 Bruce Deacon (CAN),Canada,2:21:38,olympic_marathon_2000,NA,NA,NA,NA,https://en.wikipedia.org/wiki/Athletics_at_the_2000_Summer_Olympics_%E2%80%93_Men%27s_maratho0
 Chung Nam-Kyun (KOR),South Korea,2:22:23,olympic_marathon_2000,NA,NA,NA,NA,https://en.wikipedia.org/wiki/Athletics_at_the_2000_Summer_Olympics_%E2%80%93_Men%27s_maratho0
 Néstor García (URU),Uruguay,2:22:30,olympic_marathon_2000,NA,NA,NA,NA,https://en.wikipedia.org/wiki/Athletics_at_the_2000_Summer_Olympics_%E2%80%93_Men%27s_maratho0
 Ahmed Abdelmougod Soliman (EGY),Egypt,2:22:47,olympic_marathon_2000,NA,NA,NA,NA,https://en.wikipedia.org/wiki/Athletics_at_the_2000_Summer_Olympics_%E2%80%93_Men%27s_maratho0
 Luketz Swartbooi (NAM),Namibia,2:22:55,olympic_marathon_2000,NA,NA,NA,NA,https://en.wikipedia.org/wiki/Athletics_at_the_2000_Summer_Olympics_%E2%80%93_Men%27s_maratho0
 Antoni Bernadó (AND),Andorra,2:23:03,olympic_marathon_2000,NA,NA,NA,NA,https://en.wikipedia.org/wiki/Athletics_at_the_2000_Summer_Olympics_%E2%80%93_Men%27s_maratho0
 Luís Novo (POR),Portugal,2:23:04,olympic_marathon_2000,NA,NA,NA,NA,https://en.wikipedia.org/wiki/Athletics_at_the_2000_Summer_Olympics_%E2%80%93_Men%27s_maratho0
 Lucky Bhembe (SWZ),Switzerland,2:23:08,olympic_marathon_2000,NA,NA,NA,NA,https://en.wikipedia.org/wiki/Athletics_at_the_2000_Summer_Olympics_%E2%80%93_Men%27s_maratho0
 Boubker Elafoui (MAR),Morocco,2:23:53,olympic_marathon_2000,NA,NA,NA,NA,https://en.wikipedia.org/wiki/Athletics_at_the_2000_Summer_Olympics_%E2%80%93_Men%27s_maratho0
 Abel Antón (ESP),Spain,2:24:04,olympic_marathon_2000,NA,NA,NA,NA,https://en.wikipedia.org/wiki/Athletics_at_the_2000_Summer_Olympics_%E2%80%93_Men%27s_maratho0
 Carsten Eich (GER),Germany,2:24:11,olympic_marathon_2000,NA,NA,NA,NA,https://en.wikipedia.org/wiki/Athletics_at_the_2000_Summer_Olympics_%E2%80%93_Men%27s_maratho0
 Valeriu Vlas (MDA),Moldova,2:24:35,olympic_marathon_2000,NA,NA,NA,NA,https://en.wikipedia.org/wiki/Athletics_at_the_2000_Summer_Olympics_%E2%80%93_Men%27s_maratho0
 Mark Steinle (GBR),Great Britain,2:24:42,olympic_marathon_2000,NA,NA,NA,NA,https://en.wikipedia.org/wiki/Athletics_at_the_2000_Summer_Olympics_%E2%80%93_Men%27s_maratho0
 Alex Malinga (UGA),Uganda,2:24:53,olympic_marathon_2000,NA,NA,NA,NA,https://en.wikipedia.org/wiki/Athletics_at_the_2000_Summer_Olympics_%E2%80%93_Men%27s_maratho0
 Oscar Cortínez (ARG),Argentina,2:25:01,olympic_marathon_2000,NA,NA,NA,NA,https://en.wikipedia.org/wiki/Athletics_at_the_2000_Summer_Olympics_%E2%80%93_Men%27s_maratho0
 Kil Jae-Son (PRK),North Korea,2:25:13,olympic_marathon_2000,NA,NA,NA,NA,https://en.wikipedia.org/wiki/Athletics_at_the_2000_Summer_Olympics_%E2%80%93_Men%27s_maratho0
 Petko Stefanov (BUL),Bulgaria,2:26:24,olympic_marathon_2000,NA,NA,NA,NA,https://en.wikipedia.org/wiki/Athletics_at_the_2000_Summer_Olympics_%E2%80%93_Men%27s_maratho0
 Zebedayo Bayo (TAN),Tanzania,2:26:24,olympic_marathon_2000,NA,NA,NA,NA,https://en.wikipedia.org/wiki/Athletics_at_the_2000_Summer_Olympics_%E2%80%93_Men%27s_maratho0
 Roman Kejžar (SLO),Slovenia,2:26:38,olympic_marathon_2000,NA,NA,NA,NA,https://en.wikipedia.org/wiki/Athletics_at_the_2000_Summer_Olympics_%E2%80%93_Men%27s_maratho0
 Panayiotis Haramis (GRE),Greece,2:26:55,olympic_marathon_2000,NA,NA,NA,NA,https://en.wikipedia.org/wiki/Athletics_at_the_2000_Summer_Olympics_%E2%80%93_Men%27s_maratho0
 Benjamín Paredes (MEX),Mexico,2:27:17,olympic_marathon_2000,NA,NA,NA,NA,https://en.wikipedia.org/wiki/Athletics_at_the_2000_Summer_Olympics_%E2%80%93_Men%27s_maratho0
 Baek Seung-Do (KOR),South Korea,2:28:25,olympic_marathon_2000,NA,NA,NA,NA,https://en.wikipedia.org/wiki/Athletics_at_the_2000_Summer_Olympics_%E2%80%93_Men%27s_maratho0
 Lee Troop (AUS),Australia,2:29:32,olympic_marathon_2000,NA,NA,NA,NA,https://en.wikipedia.org/wiki/Athletics_at_the_2000_Summer_Olympics_%E2%80%93_Men%27s_maratho0
 António Zeferino (CPV),Cape Verde,2:29:46,olympic_marathon_2000,NA,NA,NA,NA,https://en.wikipedia.org/wiki/Athletics_at_the_2000_Summer_Olympics_%E2%80%93_Men%27s_maratho0
 Sergey Zabavski (TJK),Tajikistan,2:30:29,olympic_marathon_2000,NA,NA,NA,NA,https://en.wikipedia.org/wiki/Athletics_at_the_2000_Summer_Olympics_%E2%80%93_Men%27s_maratho0
 Rod DeHaven (USA),United States,2:30:46,olympic_marathon_2000,NA,NA,NA,NA,https://en.wikipedia.org/wiki/Athletics_at_the_2000_Summer_Olympics_%E2%80%93_Men%27s_maratho0
 Nazirdin Akylbekov (KGZ),Kirghizistan,2:31:26,olympic_marathon_2000,NA,NA,NA,NA,https://en.wikipedia.org/wiki/Athletics_at_the_2000_Summer_Olympics_%E2%80%93_Men%27s_maratho0
 Calisto da Costa (IOA),East Timor,2:33:11,olympic_marathon_2000,NA,NA,NA,NA,https://en.wikipedia.org/wiki/Athletics_at_the_2000_Summer_Olympics_%E2%80%93_Men%27s_maratho0
 Marco Ivan Condori (BOL),Bolivia,2:34:11,olympic_marathon_2000,NA,NA,NA,NA,https://en.wikipedia.org/wiki/Athletics_at_the_2000_Summer_Olympics_%E2%80%93_Men%27s_maratho0
 Sarath Prasanna Gamage (SRI),Sri Lanka,2:34:39,olympic_marathon_2000,NA,NA,NA,NA,https://en.wikipedia.org/wiki/Athletics_at_the_2000_Summer_Olympics_%E2%80%93_Men%27s_maratho0
 Gian Luigi Macina (SMR),San Marino,2:35:42,olympic_marathon_2000,NA,NA,NA,NA,https://en.wikipedia.org/wiki/Athletics_at_the_2000_Summer_Olympics_%E2%80%93_Men%27s_maratho0
 Vanderlei Lima (BRA),Brazil,2:37:08,olympic_marathon_2000,NA,NA,NA,NA,https://en.wikipedia.org/wiki/Athletics_at_the_2000_Summer_Olympics_%E2%80%93_Men%27s_maratho0
 Željko Petrović (BIH),Bosnia and Herzegovina,2:38:29,olympic_marathon_2000,NA,NA,NA,NA,https://en.wikipedia.org/wiki/Athletics_at_the_2000_Summer_Olympics_%E2%80%93_Men%27s_maratho0
 Tiyapo Maso (BOT),Botswana,2:38:53,olympic_marathon_2000,NA,NA,NA,NA,https://en.wikipedia.org/wiki/Athletics_at_the_2000_Summer_Olympics_%E2%80%93_Men%27s_maratho0
 Ðuro Kodžo (BIH),Bosnia and Herzegovina,2:39:14,olympic_marathon_2000,NA,NA,NA,NA,https://en.wikipedia.org/wiki/Athletics_at_the_2000_Summer_Olympics_%E2%80%93_Men%27s_maratho0
 José Alejandro Semprún (VEN),Venezuela,3:00:02,olympic_marathon_2000,NA,NA,NA,NA,https://en.wikipedia.org/wiki/Athletics_at_the_2000_Summer_Olympics_%E2%80%93_Men%27s_maratho0
 To Rithya (CAM),Cameroun,3:03:56,olympic_marathon_2000,NA,NA,NA,NA,https://en.wikipedia.org/wiki/Athletics_at_the_2000_Summer_Olympics_%E2%80%93_Men%27s_maratho0
 Elias Rodriguez (FSM),Micronesia,3:09:14,olympic_marathon_2000,NA,NA,NA,NA,https://en.wikipedia.org/wiki/Athletics_at_the_2000_Summer_Olympics_%E2%80%93_Men%27s_maratho0
 Takayuki Inubushi (JPN),Japan,DNF,olympic_marathon_2000,NA,NA,NA,NA,https://en.wikipedia.org/wiki/Athletics_at_the_2000_Summer_Olympics_%E2%80%93_Men%27s_maratho0
 Kenneth Cheruiyot (KEN),Kenya,DNF,olympic_marathon_2000,NA,NA,NA,NA,https://en.wikipedia.org/wiki/Athletics_at_the_2000_Summer_Olympics_%E2%80%93_Men%27s_maratho0
 Willy Kalombo Mwenze (COD),Democratic Republic of Congo,DNF,olympic_marathon_2000,NA,NA,NA,NA,https://en.wikipedia.org/wiki/Athletics_at_the_2000_Summer_Olympics_%E2%80%93_Men%27s_maratho0
 Abdellah Béhar (FRA),France,DNF,olympic_marathon_2000,NA,NA,NA,NA,https://en.wikipedia.org/wiki/Athletics_at_the_2000_Summer_Olympics_%E2%80%93_Men%27s_maratho0
 Stefano Baldini (ITA),Italy,DNF,olympic_marathon_2000,NA,NA,NA,NA,https://en.wikipedia.org/wiki/Athletics_at_the_2000_Summer_Olympics_%E2%80%93_Men%27s_maratho0
 Elijah Lagat (KEN),Kenya,DNF,olympic_marathon_2000,NA,NA,NA,NA,https://en.wikipedia.org/wiki/Athletics_at_the_2000_Summer_Olympics_%E2%80%93_Men%27s_maratho0
 Piotr Gładki (POL),Poland,DNF,olympic_marathon_2000,NA,NA,NA,NA,https://en.wikipedia.org/wiki/Athletics_at_the_2000_Summer_Olympics_%E2%80%93_Men%27s_maratho0
 Patrick Ndayisenga (BDI),Burundi,DNF,olympic_marathon_2000,NA,NA,NA,NA,https://en.wikipedia.org/wiki/Athletics_at_the_2000_Summer_Olympics_%E2%80%93_Men%27s_maratho0
 José Alirio Carrasco (COL),Colombia,DNF,olympic_marathon_2000,NA,NA,NA,NA,https://en.wikipedia.org/wiki/Athletics_at_the_2000_Summer_Olympics_%E2%80%93_Men%27s_maratho0
 Angelo Peter Simon (TAN),Tanzania,DNF,olympic_marathon_2000,NA,NA,NA,NA,https://en.wikipedia.org/wiki/Athletics_at_the_2000_Summer_Olympics_%E2%80%93_Men%27s_maratho0
 Róbert Štefko (SVK),Slovakia,DNF,olympic_marathon_2000,NA,NA,NA,NA,https://en.wikipedia.org/wiki/Athletics_at_the_2000_Summer_Olympics_%E2%80%93_Men%27s_maratho0
 Osmiro Silva (BRA),Brazil,DNF,olympic_marathon_2000,NA,NA,NA,NA,https://en.wikipedia.org/wiki/Athletics_at_the_2000_Summer_Olympics_%E2%80%93_Men%27s_maratho0
 Rashid Jamal (QAT),Qatar,DNF,olympic_marathon_2000,NA,NA,NA,NA,https://en.wikipedia.org/wiki/Athletics_at_the_2000_Summer_Olympics_%E2%80%93_Men%27s_maratho0
 Adel Edeli (LBA),Libya,DNF,olympic_marathon_2000,NA,NA,NA,NA,https://en.wikipedia.org/wiki/Athletics_at_the_2000_Summer_Olympics_%E2%80%93_Men%27s_maratho0
 Éder Fialho (BRA),Brazil,DNF,olympic_marathon_2000,NA,NA,NA,NA,https://en.wikipedia.org/wiki/Athletics_at_the_2000_Summer_Olympics_%E2%80%93_Men%27s_maratho0
 Vincenzo Modica (ITA),Italy,DNF,olympic_marathon_2000,NA,NA,NA,NA,https://en.wikipedia.org/wiki/Athletics_at_the_2000_Summer_Olympics_%E2%80%93_Men%27s_maratho0
 Daher Gadid Omar (DJI),Djibouti,DNF,olympic_marathon_2000,NA,NA,NA,NA,https://en.wikipedia.org/wiki/Athletics_at_the_2000_Summer_Olympics_%E2%80%93_Men%27s_maratho0
 Richard Rodriguez (ARU),Aruba,DNF,olympic_marathon_2000,NA,NA,NA,NA,https://en.wikipedia.org/wiki/Athletics_at_the_2000_Summer_Olympics_%E2%80%93_Men%27s_maratho0
 Fokasi Wilbrod (TAN),Tanzania,DNF,olympic_marathon_2000,NA,NA,NA,NA,https://en.wikipedia.org/wiki/Athletics_at_the_2000_Summer_Olympics_%E2%80%93_Men%27s_maratho0
